{"0": 0.001328537687676566, "1": 0.002075355936265994, "2": 0.0009806850695068953, "3": 0.001510777388749855, "4": 0.0005205110082182831, "5": 0.0018244142808258273, "6": 0.002114336891930072, "7": 0.0015101516289266143, "8": 0.0029086050921583737, "9": 0.001882490834123959, "10": 0.0020600659473970473, "11": 0.0006187643369657206, "12": 0.0006318322911794173, "13": 0.0017813956384741209, "14": 0.000567436933396298, "15": 0.002605966445870502, "16": 0.00068768442702002, "17": 0.0010729459921388909, "18": 0.0012054142558370058, "19": 0.0013543899630357728, "20": 0.0029447526443351205, "21": 0.0004312925641644882, "22": 0.00132830209571742, "23": 0.0024303627458905127, "24": 0.0015158873588999987, "25": 0.0008863126467304967, "26": 0.002834548294319689, "27": 0.00037841374190383857, "28": 0.000833226593555895, "29": 0.0009590665432096805, "30": 0.001215400074726206, "31": 0.0016726445418732052, "32": 0.001747294670699878, "33": 0.0010737470688140258, "34": 0.0012606978847635546, "35": 0.0017833084964219597, "36": 0.0009996681106269243, "37": 0.0012819060054660388, "38": 0.0013907464222806861, "39": 0.0015207372688972882, "40": 0.0013979756804829914, "41": 0.001031919536954758, "42": 0.0017686571230142304, "43": 0.0015958252186145522, "44": 0.0012362830265821973, "45": 0.0018349116739166415, "46": 0.002135574431594846, "47": 0.002455033630894978, "48": 0.0009731912121299128, "49": 0.0022102460794178103, "50": 0.002070879649067548, "51": 0.0020301759878164917, "52": 0.0008568331953637791, "53": 0.0008382849628251538, "54": 0.0023352989955447634, "55": 0.00072383598061789, "56": 0.0029213373672037587, "57": 0.0006543021958990232, "58": 0.0019471360490812845, "59": 0.001331349576937706, "60": 0.003190373165478845, "61": 0.0009791478235526168, "62": 0.0007335497577684123, "63": 0.0008025599999594474, "64": 0.0011364761757868475, "65": 0.000964218314649957, "66": 0.0008913971988361567, "67": 0.0013428475944022875, "68": 0.0016340452614895461, "69": 0.0013641507048329706, "70": 0.00088388603018279, "71": 0.0028309831170036676, "72": 0.001240849665731888, "73": 0.0018018540342961092, "74": 0.0012053805393503654, "75": 0.000792450666974917, "76": 0.0013462076154727328, "77": 0.0006834278568804237, "78": 0.0009244047457764862, "79": 0.0007446725005914864, "80": 0.0019472042782716897, "81": 0.0022748425177824883, "82": 0.0010261091378512604, "83": 0.0009809269040645591, "84": 0.0015048916573772867, "85": 0.0008815554594286166, "86": 0.00040275853489219886, "87": 0.0012991051225644831, "88": 0.003313978045752447, "89": 0.0011050635577740152, "90": 0.0013289148109477658, "91": 0.0024364385520017286, "92": 0.001374162103316393, "93": 0.0007779750561394691, "94": 0.0007401254489299354, "95": 0.0010755504940990852, "96": 0.0007145529373859092, "97": 0.001792470253557941, "98": 0.0016093176851872313, "99": 0.0014155719668160652, "100": 0.0010658850600839132, "101": 0.0012597650077931927, "102": 0.0035595781896318518, "103": 0.0004098448395590345, "104": 0.0008446370751576898, "105": 0.0031564922574355437, "106": 0.0005627471101008204, "107": 0.0007007370919216005, "108": 0.0011738021457817088, "109": 0.0009362537763089524, "110": 0.0019508035055338822, "111": 0.0017713580219340676, "112": 0.00033980535774264816, "113": 0.0008977363211553434, "114": 0.0005667988736216306, "115": 0.0011073226244088122, "116": 0.0006095707133795317, "117": 0.0013062456137141847, "118": 0.0019871935683312553, "119": 0.0016477550987773794, "120": 0.001374746218519861, "121": 0.0005188198534623411, "122": 0.00035972226563157694, "123": 0.0008481184196734041, "124": 0.0008571169676033517, "125": 0.0020212196720619043, "126": 0.0007364589917380809, "127": 0.0017622984450584814, "128": 0.0016525952011551854, "129": 0.0012972661920348336, "130": 0.0011204421816077199, "131": 0.002171195457126109, "132": 0.002406625304972378, "133": 0.0025150295193950554, "134": 0.0018707207693262234, "135": 0.0014353244101531415, "136": 0.0014345039725839799, "137": 0.0014124918385204019, "138": 0.0018201244613015497, "139": 0.00233977457643209, "140": 0.001881261380071561, "141": 0.0011675367654613482, "142": 0.0011137253245532518, "143": 0.00198964112890074, "144": 0.0007515549471211912, "145": 0.0015641253948574312, "146": 0.0014938483699147018, "147": 0.0007753104678094303, "148": 0.002430243446208517, "149": 0.0025431157104909537, "150": 0.0025359476680687255, "151": 0.0019182682778217984, "152": 0.0008522257498319414, "153": 0.0009258012705382096, "154": 0.002697614143328752, "155": 0.0008630505256177621, "156": 0.0007233834422162772, "157": 0.0008614993669426866, "158": 0.0006241559863251999, "159": 0.0014930313896332104, "160": 0.001686900729665503, "161": 0.0008043185596581395, "162": 0.0014464585002501359, "163": 0.0016645913242143717, "164": 0.0011196112362045103, "165": 0.0020750284764095885, "166": 0.0009160161837378723, "167": 0.0014601959460540331, "168": 0.0007020539321094141, "169": 0.0008499537795945134, "170": 0.0013797894680043184, "171": 0.001066961587512495, "172": 0.0026569131866904286, "173": 0.0015936445409695586, "174": 0.003507763463149082, "175": 0.0014833332885481375, "176": 0.0007616150364566117, "177": 0.0014577140363141526, "178": 0.0009144400215254423, "179": 0.0005862257438324635, "180": 0.0021314733074972933, "181": 0.0018127542946693323, "182": 0.0012953954387832762, "183": 0.0024235314313570105, "184": 0.00109803176922529, "185": 0.0025097456262481613, "186": 0.0019400699014853924, "187": 0.0008118324637737045, "188": 0.0009464047184368091, "189": 0.0007957583990660897, "190": 0.0008713128571353096, "191": 0.0007190774904643702, "192": 0.0022127202892831704, "193": 0.0003693989145545941, "194": 0.0015973558992601472, "195": 0.0023120764966264285, "196": 0.0005870283451512222, "197": 0.0020669622275602865, "198": 0.0018287016016412141, "199": 0.0023113659481865147, "200": 0.0007057077938097325, "201": 0.0014217884866437806, "202": 0.0020907614008622054, "203": 0.0007900443717005822, "204": 0.0009208707411394472, "205": 0.0014504887736057123, "206": 0.001248965808359034, "207": 0.0005991189765072189, "208": 0.002583880881930869, "209": 0.0023783820195006967, "210": 0.0012659425859056065, "211": 0.0023879775003017543, "212": 0.0015607102751538275, "213": 0.0028272257881292832, "214": 0.0011830841010980263, "215": 0.001849113736073332, "216": 0.0011175039391872982, "217": 0.0016466531247089843, "218": 0.0008355339071948399, "219": 0.0030702107864109957, "220": 0.001876391159048166, "221": 0.0008072897134873178, "222": 0.001141558276714553, "223": 0.0013730761165382619, "224": 0.002573752891920992, "225": 0.0012745519728845002, "226": 0.00220117530557768, "227": 0.0015255544017575549, "228": 0.0005153013385901326, "229": 0.000891842802481659, "230": 0.0037647605117117565, "231": 0.0007922292278796471, "232": 0.0016145434127349842, "233": 0.0012905182563343178, "234": 0.002867694780828159, "235": 0.002595188689705639, "236": 0.001992195697237285, "237": 0.0009105800888232613, "238": 0.0008236595021313768, "239": 0.0027178930358243755, "240": 0.001151869097891777, "241": 0.0031575354610351527, "242": 0.002461772587221024, "243": 0.0011170541286200557, "244": 0.0009336731783242693, "245": 0.0014541362582602356, "246": 0.001912215027827159, "247": 0.0005235123154569712, "248": 0.00234639710346188, "249": 0.0012192923025449375, "250": 0.0014825333122070663, "251": 0.002038571528658754, "252": 0.0008482404588220787, "253": 0.0021149722855139464, "254": 0.0013060232475997486, "255": 0.0014418732275453736, "256": 0.0023918094192207197, "257": 0.0006362709132348854, "258": 0.0011090974124427385, "259": 0.0028784250557274734, "260": 0.0005333325209799572, "261": 0.002380844949031611, "262": 0.0010808630996897994, "263": 0.0007468154965512578, "264": 0.0010621901221080545, "265": 0.0012352147263771816, "266": 0.0008275868199540813, "267": 0.0012408137721144007, "268": 0.0004292755099238947, "269": 0.0010599617870241686, "270": 0.0005131037469028871, "271": 0.0012122072475965915,