{"0": 0.5997596153846154, "1": 0.6055825242718447, "2": 0.578215527230591, "3": 0.5822637106184364, "4": 0.558165548098434, "5": 0.6214196762141968, "6": 0.6130221130221131, "7": 0.6041162227602905, "8": 0.5997596153846154, "9": 0.6107711138310894, "10": 0.6070559610705596, "11": 0.5670454545454545, "12": 0.5755478662053056, "13": 0.5919335705812574, "14": 0.5683371298405467, "15": 0.6191066997518611, "16": 0.5788863109048724, "17": 0.5849941383352872, "18": 0.5877502944640753, "19": 0.59688995215311, "20": 0.6107711138310894, "21": 0.5625704622322435, "22": 0.58913813459268, "23": 0.6122699386503068, "24": 0.6041162227602905, "25": 0.5802325581395349, "26": 0.6198757763975156, "27": 0.5600448933782267, "28": 0.5755478662053056, "29": 0.5775462962962963, "30": 0.5954653937947494, "31": 0.6026570048309179, "32": 0.5905325443786982, "33": 0.5919335705812574, "34": 0.578215527230591, "35": 0.6070559610705596, "36": 0.5863689776733255, "37": 0.5947556615017878, "38": 0.5926365795724465, "39": 0.5843091334894613, "40": 0.5933412604042806, "41": 0.5815850815850816, "42": 0.6033857315598549, "43": 0.6012048192771084, "44": 0.5843091334894613, "45": 0.6055825242718447, "46": 0.6115196078431373, "47": 0.6092796092796092, "48": 0.5632054176072234, "49": 0.607795371498173, "50": 0.5926365795724465, "51": 0.5961768219832736, "52": 0.576878612716763, "53": 0.5802325581395349, "54": 0.6245306633291614, "55": 0.5664018161180476, "56": 0.6168108776266996, "57": 0.5575418994413408, "58": 0.6300505050505051, "59": 0.5961768219832736, "60": 0.6168108776266996, "61": 0.5849941383352872, "62": 0.5670454545454545, "63": 0.5775462962962963, "64": 0.5795586527293844, "65": 0.5775462962962963, "66": 0.5788863109048724, "67": 0.58913813459268, "68": 0.6048484848484849, "69": 0.5755478662053056, "70": 0.583625730994152, "71": 0.6107711138310894, "72": 0.5905325443786982, "73": 0.6041162227602905, "74": 0.5870588235294117, "75": 0.5755478662053056, "76": 0.5884433962264151, "77": 0.565118912797282, "78": 0.5689851767388826, "79": 0.5676905574516496, "80": 0.6012048192771084, "81": 0.5983213429256595, "82": 0.5762124711316398, "83": 0.5849941383352872, "84": 0.58913813459268, "85": 0.5676905574516496, "86": 0.5513812154696133, "87": 0.5877502944640753, "88": 0.6092796092796092, "89": 0.580908032596042, "90": 0.5877502944640753, "91": 0.6221945137157108, "92": 0.5856807511737089, "93": 0.569634703196347, "94": 0.5709382151029748, "95": 0.5905325443786982, "96": 0.5788863109048724, "97": 0.5990396158463386, "98": 0.6070559610705596, "99": 0.5884433962264151, "100": 0.5877502944640753, "101": 0.5755478662053056, "102": 0.62375, "103": 0.5587905935050392, "104": 0.5715922107674685, "105": 0.6245306633291614, "106": 0.5625704622322435, "107": 0.5676905574516496, "108": 0.583625730994152, "109": 0.5843091334894613, "110": 0.6033857315598549, "111": 0.5961768219832736, "112": 0.5429815016322089, "113": 0.5702857142857143, "114": 0.5562987736900781, "115": 0.5877502944640753, "116": 0.5664018161180476, "117": 0.5702857142857143, "118": 0.6026570048309179, "119": 0.6004813477737665, "120": 0.5729047072330654, "121": 0.5569196428571429, "122": 0.5477497255762898, "123": 0.5689851767388826, "124": 0.5748847926267281, "125": 0.5961768219832736, "126": 0.5606741573033708, "127": 0.6085365853658536, "128": 0.5990396158463386, "129": 0.578215527230591, "130": 0.5689851767388826, "131": 0.5947556615017878, "132": 0.6122699386503068, "133": 0.6048484848484849, "134": 0.5983213429256595, "135": 0.5926365795724465, "136": 0.5947556615017878, "137": 0.5788863109048724, "138": 0.5877502944640753, "139": 0.6183395291201983, "140": 0.5919335705812574, "141": 0.5729047072330654, "142": 0.5569196428571429, "143": 0.5997596153846154, "144": 0.5600448933782267, "145": 0.5898345153664303, "146": 0.5829439252336449, "147": 0.5689851767388826, "148": 0.6041162227602905, "149": 0.6055825242718447, "150": 0.5947556615017878, "151": 0.6012048192771084, "152": 0.5606741573033708, "153": 0.5683371298405467, "154": 0.607795371498173, "155": 0.5742232451093211, "156": 0.5657596371882087, "157": 0.5689851767388826, "158": 0.5575418994413408, "159": 0.5905325443786982, "160": 0.5849941383352872, "161": 0.5638418079096045, "162": 0.5843091334894613, "163": 0.5919335705812574, "164": 0.5802325581395349, "165": 0.5815850815850816, "166": 0.5632054176072234, "167": 0.5898345153664303, "168": 0.5613048368953881, "169": 0.5709382151029748, "170": 0.5849941383352872, "171": 0.5863689776733255, "172": 0.6004813477737665, "173": 0.5815850815850816, "174": 0.5983213429256595, "175": 0.5884433962264151, "176": 0.5676905574516496, "177": 0.578215527230591, "178": 0.5702857142857143, "179": 0.5587905935050392, "180": 0.5898345153664303, "181": 0.5762124711316398, "182": 0.5863689776733255, "183": 0.5954653937947494, "184": 0.5822637106184364, "185": 0.5997596153846154, "186": 0.6004813477737665, "187": 0.5676905574516496, "188": 0.578215527230591, "189": 0.5625704622322435, "190": 0.5676905574516496, "191": 0.5632054176072234, "192": 0.5947556615017878, "193": 0.5483516483516484, "194": 0.5849941383352872, "195": 0.5983213429256595, "196": 0.5619369369369369, "197": 0.5983213429256595, "198": 0.5815850815850816, "199": 0.5843091334894613, "200": 0.5562987736900781, "201": 0.5822637106184364, "202": 0.5990396158463386, "203": 0.5562987736900781, "204": 0.5632054176072234, "205": 0.5863689776733255, "206": 0.5735632183908046, "207": 0.5575418994413408, "208": 0.5856807511737089, "209": 0.594047619047619, "210": 0.5755478662053056, "211": 0.5822637106184364, "212": 0.5829439252336449, "213": 0.5954653937947494, "214": 0.5670454545454545, "215": 0.6004813477737665, "216": 0.569634703196347, "217": 0.59688995215311, "218": 0.5689851767388826, "219": 0.6012048192771084, "220": 0.5912322274881516, "221": 0.558165548098434, "222": 0.5638418079096045, "223": 0.5676905574516496, "224": 0.5961768219832736, "225": 0.5795586527293844, "226": 0.5926365795724465, "227": 0.583625730994152, "228": 0.5526024363233666, "229": 0.578215527230591, "230": 0.5961768219832736, "231": 0.5544444444444444, "232": 0.578215527230591, "233": 0.5709382151029748, "234": 0.5877502944640753, "235": 0.5912322274881516, "236": 0.5849941383352872, "237": 0.5625704622322435, "238": 0.5613048368953881, "239": 0.59688995215311, "240": 0.5670454545454545, "241": 0.5954653937947494, "242": 0.594047619047619, "243": 0.5606741573033708, "244": 0.5625704622322435, "245": 0.5729047072330654, "246": 0.5829439252336449, "247": 0.5471491228070176, "248": 0.5926365795724465, "249": 0.5748847926267281, "250": 0.576878612716763, "251": 0.580908032596042, "252": 0.5715922107674685, "253": 0.5898345153664303, "254": 0.5606741573033708, "255": 0.576878612716763, "256": 0.5983213429256595, "257": 0.5483516483516484, "258": 0.5657596371882087, "259": 0.5863689776733255, "260": 0.5501653803748622, "261": 0.5870588235294117, "262": 0.5625704622322435, "263": 0.5519911504424779, "264": 0.5638418079096045, "265": 0.5613048368953881, "266": 0.5532150776053215, "267": 0.5729047072330654, "268": 0.5477497255762898, "269": 0.5670454545454545, "270": 0.5507726269315674, "271": 0.5644796380090498, "272": 0.5919335705812574, "273": 0.5632054176072234, "274": 0.6055825242718447, "275": 0.5983213429256595, "276": 0.5788863109048724, "277": 0.5742232451093211, "278": 0.565118912797282, "279": 0.5822637106184364, "280": 0.5997596153846154, "281": 0.5912322274881516, "282": 0.576878612716763, "283": 0.569634703196347, "284": 0.5715922107674685, "285": 0.5926365795724465, "286": 0.5606741573033708, "287": 0.5870588235294117, "288": 0.5898345153664303, "289": 0.5912322274881516, "290": 0.5947556615017878, "291": 0.5947556615017878, "292": 0.5762124711316398, "293": 0.5709382151029748, "294": 0.5788863109048724, "295": 0.5802325581395349, "296": 0.5815850815850816, "297": 0.5919335705812574, "298": 0.5465498357064622, "299": 0.5532150776053215, "300": 0.5600448933782267, "301": 0.5742232451093211,