{"0": 0.41185347985347986, "1": 0.4097531069454258, "2": 0.42611964694344556, "3": 0.39144896965763426, "4": 0.43989879330478787, "5": 0.3981861114092519, "6": 0.4131867917536229, "7": 0.39494509707275666, "8": 0.3761250875305289, "9": 0.4036692259173065, "10": 0.40663996457612106, "11": 0.4578097950522142, "12": 0.445660237388724, "13": 0.366296715067841, "14": 0.47449420715891405, "15": 0.37888441960630764, "16": 0.437621540762902, "17": 0.42133860686583213, "18": 0.4216763592101704, "19": 0.4184138168070115, "20": 0.38287570071498106, "21": 0.4359855926653569, "22": 0.42061071260977406, "23": 0.39911693639508405, "24": 0.4305669574140585, "25": 0.4379395378573386, "26": 0.3856853983888327, "27": 0.4959624701991848, "28": 0.44247870012570417, "29": 0.4229881486084602, "30": 0.4336385855273335, "31": 0.397274784534643, "32": 0.40105971573502086, "33": 0.4608676207513417, "34": 0.42847577092511013, "35": 0.40711548610633075, "36": 0.4341199790560251, "37": 0.4349010269385325, "38": 0.41343322362723023, "39": 0.3855708781180288, "40": 0.4101777247738445, "41": 0.4549584631360332, "42": 0.4177022768629888, "43": 0.42249509079007974, "44": 0.40970933828076683, "45": 0.40115030143441205, "46": 0.3867208325336404, "47": 0.3975899167727768, "48": 0.4274941192749412, "49": 0.3987011637572735, "50": 0.41488315982306423, "51": 0.4129739310881501, "52": 0.4670739598797153, "53": 0.46402010460934945, "54": 0.39418703680214545, "55": 0.47216035634743875, "56": 0.3851527524966793, "57": 0.4292185730464326, "58": 0.39692229677016694, "59": 0.4429788516326978, "60": 0.3728967337512372, "61": 0.4418264061399281, "62": 0.4426563916591115, "63": 0.42701032829214314, "64": 0.42601781667578337, "65": 0.4272807210375907, "66": 0.4457431457431457, "67": 0.4232059730366967, "68": 0.4058900489982299, "69": 0.41752502800968594, "70": 0.4540296657759188, "71": 0.38541399435608004, "72": 0.4460562103354488, "73": 0.40400094978036327, "74": 0.43782800476512446, "75": 0.4204996438384044, "76": 0.4248969868658254, "77": 0.47492844270115553, "78": 0.4340908072251356, "79": 0.4573314837648993, "80": 0.40993694888439075, "81": 0.38024120342353246, "82": 0.4675112593254719, "83": 0.44226951918835467, "84": 0.41645580416796973, "85": 0.43828715365239296, "86": 0.43350936149783964, "87": 0.4168814838101226, "88": 0.3755238393509612, "89": 0.43476702508960574, "90": 0.45595262525285096, "91": 0.3857986298063534, "92": 0.42546202492785656, "93": 0.46986478711162255, "94": 0.4472742845626763, "95": 0.44506118739247574, "96": 0.4445081803671189, "97": 0.4156201512800621, "98": 0.4010390139553835, "99": 0.4301809653598707, "100": 0.43314864766348327, "101": 0.43483682099100074, "102": 0.37701607632989154, "103": 0.4929592566118656, "104": 0.4221558364605965, "105": 0.38075473877203364, "106": 0.4126596412869007, "107": 0.4569453012543697, "108": 0.4054943035648659, "109": 0.43468663924838696, "110": 0.3999524560758974, "111": 0.4146272487981031, "112": 0.509865345053301, "113": 0.42468565563253785, "114": 0.4606598194833489, "115": 0.44738154613466335, "116": 0.4706660560728642, "117": 0.4343165488553393, "118": 0.41470924068183673, "119": 0.4213653754184601, "120": 0.40177454791279366, "121": 0.4851756263376558, "122": 0.4942861944374422, "123": 0.44100009225943354, "124": 0.44531377676090866, "125": 0.3970441382065109, "126": 0.45124863714241215, "127": 0.4234718267412134, "128": 0.4195609629577232, "129": 0.42263682374021566, "130": 0.42070409134157943, "131": 0.39353864734299515, "132": 0.39169668587896256, "133": 0.4074910201752325, "134": 0.4117788562105175, "135": 0.4314497762773625, "136": 0.4196989701610774, "137": 0.42386629333487286, "138": 0.4111371354959597, "139": 0.3738771959683062, "140": 0.3925195043597981, "141": 0.43859233967749567, "142": 0.43185779017079123, "143": 0.3984307247573818, "144": 0.4645238458797781, "145": 0.42935731087335915, "146": 0.4295925968370387, "147": 0.4662826240300964, "148": 0.39328106481903546, "149": 0.3845770535370843, "150": 0.3944869911875787, "151": 0.38887672432669146, "152": 0.45467459824203144, "153": 0.4425523873514467, "154": 0.38542942983265915, "155": 0.44884365107281043, "156": 0.4736443205711212, "157": 0.4404467022125194, "158": 0.4698325722983257, "159": 0.4364508106556985, "160": 0.402047141342468, "161": 0.4424623371335505, "162": 0.42322982402490894, "163": 0.39653094026252345, "164": 0.4483656665211153, "165": 0.4027572374951885, "166": 0.4466213094788123, "167": 0.43256738166811026, "168": 0.4382545413516868, "169": 0.4772645900465449, "170": 0.42972353531012747, "171": 0.4322302501533638, "172": 0.3870928260451454, "173": 0.41981912144702843, "174": 0.3780679174639008, "175": 0.4329385736595523, "176": 0.4386229099594974, "177": 0.42044339241383294, "178": 0.4469170551499692, "179": 0.47791379893941105, "180": 0.40347316624863583, "181": 0.41228546845990127, "182": 0.4244687816201417, "183": 0.3851391697967832, "184": 0.4316346517301811, "185": 0.3953227656689957, "186": 0.41575579315553085, "187": 0.4503137606454505, "188": 0.4616901808877359, "189": 0.44894451437978117, "190": 0.44912968864917874, "191": 0.44982114968008463, "192": 0.4015184670713375, "193": 0.46662671706462616, "194": 0.4290138217992252, "195": 0.39628864484795767, "196": 0.47545146726862303, "197": 0.40777979066022546, "198": 0.42357985451908103, "199": 0.37756065750713946, "200": 0.47521410579345086, "201": 0.4258319077313614, "202": 0.4095010367824251, "203": 0.46147058823529413, "204": 0.46362813160277694, "205": 0.43727391672439003, "206": 0.4080812281248917, "207": 0.4717832957110609, "208": 0.38935406698564595, "209": 0.40355859921077314, "210": 0.44371084633337426, "211": 0.3799663771364528, "212": 0.4248296473401076, "213": 0.3859673707812131, "214": 0.4463284582571603, "215": 0.410463765525869, "216": 0.4464073530439645, "217": 0.4265911978745524, "218": 0.43019764262985705, "219": 0.37217511946970866, "220": 0.3940433091227991, "221": 0.44801208575128293, "222": 0.41654722660169125, "223": 0.4338726697150897, "224": 0.3912463081312887, "225": 0.4358756809859784, "226": 0.4083333333333333, "227": 0.4333477810686508, "228": 0.5004169148302561, "229": 0.43539096331399624, "230": 0.35870964208450856, "231": 0.44081749246909735, "232": 0.4413284053084338, "233": 0.4285049215216813, "234": 0.38148943507429933, "235": 0.40026661706349204, "236": 0.41912534408560465, "237": 0.4447280799112098, "238": 0.48225897085975755, "239": 0.39156079131529864, "240": 0.4310961892426205, "241": 0.3857690210171577, "242": 0.39488546948767267, "243": 0.43971164177035316, "244": 0.4515148992841685, "245": 0.3882978723404255, "246": 0.4070827260664332, "247": 0.4713944766450733, "248": 0.40802055726667147, "249": 0.4122448979591837, "250": 0.39935621050144704, "251": 0.39851797035940717, "252": 0.4264216273804768, "253": 0.4118769265468762, "254": 0.4051421963646876, "255": 0.43138986231064264, "256": 0.3880971860195209, "257": 0.4736151520337726, "258": 0.41688935362689283, "259": 0.3706324886100167, "260": 0.5028274937328747, "261": 0.3960895337521012, "262": 0.42194216490816727, "263": 0.432646681181265, "264": 0.4352323526354091, "265": 0.41817469243090344, "266": 0.45371908672331135, "267": 0.4376046361880232, "268": 0.502346283900352, "269": 0.4325413889486132, "270": 0.49808195822931256, "271": 0.44074826477061113, "272": 0.409526748517645, "273": 0.4537791514470357, "274": 0.41992386964998607, "275": 0.3732835382758733, "276": 0.3983068832975688, "277": 0.42223111307322997, "278": 0.4317353631873026, "279": 0.39225813155980466, "280": 0.39333257665428956, "281": 0.39638739431206765, "282": 0.4034128359739277, "283": 0.4057622300902608, "284": 0.4915788755923767, "285": 0.3961252775863389, "286": 0.44888668817685207, "287": 0.45178087604425377, "288": 0.3963820232306861, "289": 0.39926208295446597, "290": 0.39631779785395127, "291": 0.4069344516436777, "292": 0.4408917994895748, "293": 0.42129017779218514, "294": 0.45818166306449776,