{"0": 0.5250501002004008, "1": 0.6232464929859719, "2": 0.4448897795591182, "3": 0.4989979959919839, "4": 0.3226452905811623, "5": 0.6132264529058116, "6": 0.6432865731462926, "7": 0.5430861723446894, "8": 0.6873747494989979, "9": 0.6092184368737474, "10": 0.6332665330661322, "11": 0.3807615230460922, "12": 0.39078156312625245, "13": 0.5210420841683366, "14": 0.374749498997996, "15": 0.6733466933867734, "16": 0.40280561122244485, "17": 0.45891783567134264, "18": 0.4889779559118236, "19": 0.531062124248497, "20": 0.6933867735470941, "21": 0.31462925851703405, "22": 0.49098196392785565, "23": 0.6813627254509017, "24": 0.561122244488978, "25": 0.42084168336673344, "26": 0.7034068136272544, "27": 0.3246492985971944, "28": 0.4168336673346693, "29": 0.42685370741482964, "30": 0.5110220440881763, "31": 0.5791583166332664, "32": 0.567134268537074, "33": 0.503006012024048, "34": 0.4789579158316633, "35": 0.5931863727454909, "36": 0.46492985971943884, "37": 0.5210420841683366, "38": 0.5290581162324649, "39": 0.4889779559118236, "40": 0.5270541082164328, "41": 0.4669338677354709, "42": 0.6032064128256512, "43": 0.5771543086172344, "44": 0.4849699398797595, "45": 0.5911823647294588, "46": 0.6152304609218436, "47": 0.6613226452905812, "48": 0.4188376753507014, "49": 0.6232464929859719, "50": 0.6012024048096192, "51": 0.6112224448897795, "52": 0.4609218436873747, "53": 0.4448897795591182, "54": 0.6673346693386772, "55": 0.40881763527054105, "56": 0.7014028056112224, "57": 0.35871743486973945, "58": 0.6432865731462926, "59": 0.5430861723446894, "60": 0.7334669338677354, "61": 0.4669338677354709, "62": 0.4008016032064128, "63": 0.4188376753507014, "64": 0.4549098196392785, "65": 0.4288577154308617, "66": 0.4428857715430861, "67": 0.5170340681362725, "68": 0.561122244488978, "69": 0.4729458917835671, "70": 0.4569138276553106, "71": 0.7094188376753506, "72": 0.5170340681362725, "73": 0.5831663326653306, "74": 0.501002004008016, "75": 0.3987975951903807, "76": 0.501002004008016, "77": 0.39078156312625245, "78": 0.4248496993987976, "79": 0.39679358717434865, "80": 0.5891783567134268, "81": 0.6112224448897795, "82": 0.4849699398797595, "83": 0.468937875751503, "84": 0.533066132264529, "85": 0.4008016032064128, "86": 0.29058116232464926, "87": 0.5070140280561122, "88": 0.7354709418837675, "89": 0.4749498997995992, "90": 0.5250501002004008, "91": 0.6593186372745491, "92": 0.5130260521042084, "93": 0.4108216432865731, "94": 0.4008016032064128, "95": 0.4989979959919839, "96": 0.40280561122244485, "97": 0.5771543086172344, "98": 0.56312625250501, "99": 0.5050100200400801, "100": 0.47094188376753504, "101": 0.4729458917835671, "102": 0.785571142284569, "103": 0.3366733466933867, "104": 0.4048096192384769, "105": 0.7474949899799599, "106": 0.34068136272545085, "107": 0.39679358717434865, "108": 0.468937875751503, "109": 0.4629258517034068, "110": 0.6112224448897795, "111": 0.6092184368737474, "112": 0.2945891783567134, "113": 0.4348697394789579, "114": 0.3607214428857715, "115": 0.4929859719438877, "116": 0.3987975951903807, "117": 0.5270541082164328, "118": 0.6292585170340681, "119": 0.5811623246492985, "120": 0.4889779559118236, "121": 0.35871743486973945, "122": 0.3106212424849699, "123": 0.4188376753507014, "124": 0.4448897795591182, "125": 0.6032064128256512, "126": 0.3947895791583166, "127": 0.6232464929859719, "128": 0.5851703406813626, "129": 0.5070140280561122, "130": 0.4609218436873747, "131": 0.6332665330661322, "132": 0.6693386773547093, "133": 0.6933867735470941, "134": 0.6212424849699398, "135": 0.5490981963927856, "136": 0.5531062124248497, "137": 0.5290581162324649, "138": 0.5871743486973947, "139": 0.6533066132264529, "140": 0.5931863727454909, "141": 0.4889779559118236, "142": 0.4569138276553106, "143": 0.625250501002004, "144": 0.3987975951903807, "145": 0.565130260521042, "146": 0.531062124248497, "147": 0.41482965931863724, "148": 0.6653306613226453, "149": 0.6793587174348696, "150": 0.6793587174348696, "151": 0.6072144288577154, "152": 0.42685370741482964, "153": 0.438877755511022, "154": 0.6933867735470941, "155": 0.4288577154308617, "156": 0.406813627254509, "157": 0.438877755511022, "158": 0.36472945891783565, "159": 0.5811623246492985, "160": 0.5450901803607214, "161": 0.3987975951903807, "162": 0.5390781563126252, "163": 0.5490981963927856, "164": 0.5090180360721442, "165": 0.6312625250501002, "166": 0.438877755511022, "167": 0.56312625250501, "168": 0.3787575150300601, "169": 0.4509018036072144, "170": 0.531062124248497, "171": 0.48697394789579157, "172": 0.6793587174348696, "173": 0.5591182364729459, "174": 0.7655310621242485, "175": 0.5571142284569138, "176": 0.3947895791583166, "177": 0.5290581162324649, "178": 0.4288577154308617, "179": 0.3787575150300601, "180": 0.6492985971943888, "181": 0.597194388777555, "182": 0.5210420841683366, "183": 0.6472945891783567, "184": 0.4849699398797595, "185": 0.6813627254509017, "186": 0.6372745490981964, "187": 0.4248496993987976, "188": 0.47695390781563124, "189": 0.40881763527054105, "190": 0.4448897795591182, "191": 0.4008016032064128, "192": 0.6513026052104208, "193": 0.29659318637274545, "194": 0.5811623246492985, "195": 0.6673346693386772, "196": 0.3787575150300601, "197": 0.6332665330661322, "198": 0.6152304609218436, "199": 0.5991983967935871, "200": 0.4008016032064128, "201": 0.5410821643286573, "202": 0.657314629258517, "203": 0.4228456913827655, "204": 0.4629258517034068, "205": 0.561122244488978, "206": 0.48296593186372744, "207": 0.3787575150300601, "208": 0.6673346693386772, "209": 0.6753507014028055, "210": 0.5130260521042084, "211": 0.657314629258517, "212": 0.5811623246492985, "213": 0.7394789579158316, "214": 0.5150300601202404, "215": 0.6012024048096192, "216": 0.48096192384769537, "217": 0.5911823647294588, "218": 0.4248496993987976, "219": 0.7234468937875751, "220": 0.5991983967935871, "221": 0.4108216432865731, "222": 0.4749498997995992, "223": 0.5250501002004008, "224": 0.6953907815631262, "225": 0.5210420841683366, "226": 0.6412825651302605, "227": 0.5791583166332664, "228": 0.3687374749498998, "229": 0.4448897795591182, "230": 0.7675350701402806, "231": 0.3947895791583166, "232": 0.6112224448897795, "233": 0.4929859719438877, "234": 0.7174348697394789, "235": 0.721442885771543, "236": 0.6452905811623246, "237": 0.42685370741482964, "238": 0.4488977955911823, "239": 0.7114228456913827, "240": 0.48697394789579157, "241": 0.7595190380761523, "242": 0.6793587174348696, "243": 0.48296593186372744, "244": 0.44088176352705405, "245": 0.48296593186372744, "246": 0.6092184368737474, "247": 0.344689378757515, "248": 0.6713426853707414, "249": 0.47094188376753504, "250": 0.5230460921843687, "251": 0.6352705410821643, "252": 0.42685370741482964, "253": 0.655310621242485, "254": 0.4729458917835671, "255": 0.5410821643286573, "256": 0.6513026052104208, "257": 0.37675350701402804, "258": 0.4569138276553106, "259": 0.7054108216432865, "260": 0.3727454909819639, "261": 0.6753507014028055, "262": 0.4549098196392785, "263": 0.3807615230460922, "264": 0.48296593186372744, "265": 0.48697394789579157, "266": 0.4128256513026052, "267": 0.501002004008016, "268": 0.3426853707414829, "269": 0.4749498997995992, "270": 0.36472945891783565, "271": 0.5350701402805611, "272": 0.6052104208416833, "273": 0.4488977955911823, "274": 0.6593186372745491, "275": 0.7034068136272544, "276": 0.5851703406813626, "277": 0.5410821643286573, "278": 0.44689378757515025, "279": 0.6232464929859719, "280": 0.7054108216432865, "281": 0.6873747494989979, "282": 0.5751503006012023, "283": 0.5691382765531061, "284": 0.48697394789579157, "285": 0.6492985971943888, "286": 0.503006012024048, "287": 0.5350701402805611, "288": 0.691382765531062, "289": 0.6793587174348696, "290": 0.7034068136272544, "291": 0.6372745490981964, "292": 0.5791583166332664, "293": 0.5691382765531061, "294": 0.533066132264529, "295": 0.56312625250501, "296": 0.5911823647294588, "297": 0.6733466933867734, "298": 0.33266533066132264, "299": 0.4168336673346693,