{"density": [0.29818181818181816, 0.27080402010050253, 0.2690969899665552, 0.2663408521303258, 0.2651663326653307], "nodes": [100, 200, 300, 400, 500], "edges": [2952, 10778, 24138, 42508, 66159], "degree": [59.04, 107.78, 160.92, 212.54, 264.636]}