{"0": 0.054918484747618304, "1": 0.05907167402023383, "2": 0.04426395256390915, "3": 0.04633844726401821, "4": 0.033737389499137946, "5": 0.06474036086987782, "6": 0.062340143990982415, "7": 0.057908645590342936, "8": 0.05596278788482425, "9": 0.05985822540270742, "10": 0.0583620599055958, "11": 0.03777042735145147, "12": 0.042297501243541875, "13": 0.05170424863438639, "14": 0.03896591072384471, "15": 0.06362720318940195, "16": 0.044068649779245676, "17": 0.047610742172762274, "18": 0.04955747866771517, "19": 0.0546802033716803, "20": 0.06008478090787287, "21": 0.035438834671353496, "22": 0.049828873371636294, "23": 0.06139401449670714, "24": 0.05781409907845827, "25": 0.04552516726413179, "26": 0.06466384142680145, "27": 0.03596769781838067, "28": 0.04217999967895376, "29": 0.04324117568655015, "30": 0.053291160945453296, "31": 0.05705452673683127, "32": 0.051693960763569025, "33": 0.05085317805400771, "34": 0.044084855673260856, "35": 0.058884394618093694, "36": 0.04810184245937593, "37": 0.0531695418289294, "38": 0.05189998564663243, "39": 0.04739500035251189, "40": 0.052306085886505795, "41": 0.04616244568191975, "42": 0.05738435862062422, "43": 0.057148368059557426, "44": 0.04815600169641229, "45": 0.059359646613273365, "46": 0.06082465163042679, "47": 0.06092238692864194, "48": 0.036348249666165275, "49": 0.05887432845730305, "50": 0.052842283664248216, "51": 0.05497350597091257, "52": 0.04498269573075869, "53": 0.04528025320793849, "54": 0.06666565129896689, "55": 0.038627302335262015, "56": 0.06383188982968471, "57": 0.03416037430035516, "58": 0.07016986614954876, "59": 0.05355436667747114, "60": 0.06232111331768674, "61": 0.048068695842095145, "62": 0.03909639892382754, "63": 0.04402155537517288, "64": 0.04523792681962275, "65": 0.04468909691887699, "66": 0.0443022914338752, "67": 0.050531950687089225, "68": 0.05733744530203516, "69": 0.04203142495239544, "70": 0.04767026047825002, "71": 0.060380464937602525, "72": 0.051480929787020666, "73": 0.05731017341857156, "74": 0.048893869100717795, "75": 0.04318249349161446, "76": 0.05069661090379747, "77": 0.037805836784463864, "78": 0.03989778589885344, "79": 0.03843237304589116, "80": 0.055579548140238126, "81": 0.05569345963010961, "82": 0.043537392213333984, "83": 0.046527084407935314, "84": 0.0505769422192264, "85": 0.03896338228773764, "86": 0.030400611639419636, "87": 0.049685616951923195, "88": 0.059592807926929205, "89": 0.04582558770138804, "90": 0.048547767551199966, "91": 0.06588978987364945, "92": 0.048039659827817625, "93": 0.041151895582278976, "94": 0.039976906392951664, "95": 0.05199810200752918, "96": 0.04495958048689374, "97": 0.054809206329732255, "98": 0.059311975463907374, "99": 0.04859773473364748, "100": 0.04736407990103585, "101": 0.042990668919190046, "102": 0.06640946869333868, "103": 0.03351442117461278, "104": 0.04109772085966496, "105": 0.06704947917053167, "106": 0.0356394124779016, "107": 0.03969358399249081, "108": 0.045989629170763095, "109": 0.04575235056824789, "110": 0.0564865571052595, "111": 0.053907778094810996, "112": 0.02643504533889358, "113": 0.03980966618926244, "114": 0.03346245438093127, "115": 0.04854221330632809, "116": 0.03915503229095511, "117": 0.04040581856935733, "118": 0.05735874761678289, "119": 0.05649651938043874, "120": 0.04216457746495525, "121": 0.033307402503011056, "122": 0.02899748664920584, "123": 0.039350434557373484, "124": 0.04237966560561932, "125": 0.05331297973545813, "126": 0.03481991602653198, "127": 0.06074831865774001, "128": 0.05598949489103054, "129": 0.04414884775506176, "130": 0.040104359687755754, "131": 0.053042138695369695, "132": 0.061517232569536964, "133": 0.05811595385275404, "134": 0.05420701767549884, "135": 0.0511687741589641, "136": 0.05281432225212282, "137": 0.044907310577053515, "138": 0.0495483722395936, "139": 0.06251947820522284, "140": 0.05136864782796429, "141": 0.04145939543536319, "142": 0.03320076011628681, "143": 0.055146758452006166, "144": 0.03470139411409683, "145": 0.0503080224321048, "146": 0.04744231095091187, "147": 0.03842939796650236, "148": 0.057604431765357886, "149": 0.058308135374107395, "150": 0.053029363710415, "151": 0.05522013370399623, "152": 0.03503411648178202, "153": 0.039014993790879346, "154": 0.05839487299918718, "155": 0.04313146141078953, "156": 0.03731610993416502, "157": 0.04105926342862783, "158": 0.034474626991679067, "159": 0.05097558347027556, "160": 0.046512541093339854, "161": 0.037175748299508656, "162": 0.047021801515761144, "163": 0.051135728319166004, "164": 0.045638684437864806, "165": 0.047639601071981084, "166": 0.03637500724350069, "167": 0.050187144014089385, "168": 0.03491882106405355, "169": 0.04049904102720686, "170": 0.04807951376497753, "171": 0.04692737480971162, "172": 0.05508573807077523, "173": 0.04625478486335199, "174": 0.05499250061784531, "175": 0.04892400852915042, "176": 0.037573069076231425, "177": 0.04487536137250779, "178": 0.04007544358990577, "179": 0.0343107086174501, "180": 0.05039216205886905, "181": 0.04388469751889436, "182": 0.04852674260737718, "183": 0.05259814982232336, "184": 0.0463341451359069, "185": 0.05523122742489207, "186": 0.05682703247800215, "187": 0.03965814959187152, "188": 0.04540317800413038, "189": 0.03498410018330562, "190": 0.037549568875054964, "191": 0.03675460076348958, "192": 0.05280621338285237, "193": 0.02924900922268077, "194": 0.04784868193318531, "195": 0.055485999970894484, "196": 0.03477160598881103, "197": 0.05404426682508954, "198": 0.04663215527095425, "199": 0.04654483537054041, "200": 0.03174879403146189, "201": 0.04658646732414383, "202": 0.05515841273785123, "203": 0.03357725643691353, "204": 0.03688858630547199, "205": 0.049114394650620875, "206": 0.042895075702538046, "207": 0.03378404467908825, "208": 0.04798475780874593, "209": 0.05290024283594252, "210": 0.042800708966016045, "211": 0.04556045235543326, "212": 0.046657511371281095, "213": 0.053404340234186075, "214": 0.03876505914244083, "215": 0.05506258047221911, "216": 0.039960954148571703, "217": 0.054324785446803664, "218": 0.03957628375030946, "219": 0.05650260073918609, "220": 0.05099863925190885, "221": 0.034319534144095463, "222": 0.03698358459503053, "223": 0.03864817360549432, "224": 0.054457236058860256, "225": 0.0452208792909987, "226": 0.051253203516372144, "227": 0.0475795661249685, "228": 0.03148184864589829, "229": 0.044334428108252534, "230": 0.05399370529484403, "231": 0.03157592533631229, "232": 0.04600100467521857, "233": 0.0393227571136995, "234": 0.04842662029528334, "235": 0.05186054673436889, "236": 0.048697741776845396, "237": 0.03503975788347222, "238": 0.03569340157202232, "239": 0.05393264190216927, "240": 0.037559922919964135, "241": 0.053063254836496064, "242": 0.052481509735331396, "243": 0.03517048228403825, "244": 0.0351265424199556, "245": 0.04164696987440518, "246": 0.046030832573702885, "247": 0.028248275094035248, "248": 0.05190481174670946, "249": 0.04198320528463883, "250": 0.044157970495393356, "251": 0.04710887901288164, "252": 0.04093525684871902, "253": 0.050870466831682996, "254": 0.03538142696701299, "255": 0.04425920285238346, "256": 0.05499322351172284, "257": 0.028909499479954723, "258": 0.03793606481857447, "259": 0.04814127650951401, "260": 0.029773779136332407, "261": 0.049209642801142685, "262": 0.035947266426693984, "263": 0.029758041190749093, "264": 0.03654236137121871, "265": 0.035830809659160315, "266": 0.03085752361246332, "267": 0.04210191314515, "268": 0.02986043414862757, "269": 0.0397461025929256, "270": 0.029103185476308305, "271": 0.03798325070364918, "272": 0.050893878388064105, "273": 0.03510306239665433, "274": 0.05861572911057685, "275": 0.05426938363434599, "276": 0.045864934973566605, "277": 0.04262309105698116, "278": 0.03675537455778504, "279": 0.04700921286549404, "280": 0.055984441986605155, "281": 0.05257336545925666, "282": 0.04276510736573415, "283": 0.039753826147261494, "284": 0.04232438303833117, "285": 0.05217931354911148, "286": 0.03601981766546917,