{"0": {"0": 0.5, "1": 0.5, "2": 0.5, "3": 0.5, "4": 0.5, "5": 0.5, "6": 0.5, "7": 0.5, "8": 0.5, "9": 0.5, "10": 0.5, "11": 0.5, "12": 0.5, "13": 0.5, "14": 0.5, "15": 0.5, "16": 0.5, "17": 0.5, "18": 0.5, "19": 0.5, "20": 0.5, "21": 0.5, "22": 0.5, "23": 0.5, "24": 0.5, "25": 0.5, "26": 0.5, "27": 0.5, "28": 0.5, "29": 0.5, "30": 0.5, "31": 0.5, "32": 0.5, "33": 0.5, "34": 0.5, "35": 0.5, "36": 0.5, "37": 0.5, "38": 0.5, "39": 0.5, "40": 0.5, "41": 0.5, "42": 0.5, "43": 0.5, "44": 0.5, "45": 0.5, "46": 0.5, "47": 0.5, "48": 0.5, "49": 0.5, "50": 0.5, "51": 0.5, "52": 0.5, "53": 0.5, "54": 0.5, "55": 0.5, "56": 0.5, "57": 0.5, "58": 0.5, "59": 0.5, "60": 0.5, "61": 0.5, "62": 0.5, "63": 0.5, "64": 0.5, "65": 0.5, "66": 0.5, "67": 0.5, "68": 0.5, "69": 0.5, "70": 0.5, "71": 0.5, "72": 0.5, "73": 0.5, "74": 0.5, "75": 0.5, "76": 0.5, "77": 0.5, "78": 0.5, "79": 0.5, "80": 0.5, "81": 0.5, "82": 0.5, "83": 0.5, "84": 0.5, "85": 0.5, "86": 0.5, "87": 0.5, "88": 0.5, "89": 0.5, "90": 0.5, "91": 0.5, "92": 0.5, "93": 0.5, "94": 0.5, "95": 0.5, "96": 0.5, "97": 0.5, "98": 0.5, "99": 0.5}, "1": {"0": 0.2803333333333333, "1": 0.32029411764705884, "2": 0.30375, "3": 0.3303225806451613, "4": 0.15428571428571428, "5": 0.26694444444444443, "6": 0.3602941176470588, "7": 0.23058823529411768, "8": 0.4658064516129032, "9": 0.37290322580645163, "10": 0.4278125, "11": 0.2688888888888889, "12": 0.1696153846153846, "13": 0.3141025641025641, "14": 0.1805, "15": 0.4423684210526315, "16": 0.2403846153846154, "17": 0.21333333333333332, "18": 0.2912121212121212, "19": 0.3333333333333333, "20": 0.4444444444444444, "21": 0.1323529411764706, "22": 0.1986206896551724, "23": 0.5690322580645162, "24": 0.2548484848484849, "25": 0.1575, "26": 0.42470588235294116, "27": 0.1296, "28": 0.24045454545454545, "29": 0.1917391304347826, "30": 0.2727272727272727, "31": 0.4083333333333333, "32": 0.4083333333333333, "33": 0.2903225806451613, "34": 0.4266666666666667, "35": 0.3403125, "36": 0.2414285714285714, "37": 0.1893939393939394, "38": 0.33640000000000003, "39": 0.25, "40": 0.3403125, "41": 0.23148148148148148, "42": 0.32142857142857145, "43": 0.3602941176470588, "44": 0.4033333333333334, "45": 0.46090909090909093, "46": 0.3141025641025641, "47": 0.38027777777777777, "48": 0.29391304347826086, "49": 0.27225, "50": 0.36125, "51": 0.42105263157894735, "52": 0.3203333333333333, "53": 0.24, "54": 0.26256410256410256, "55": 0.2604166666666667, "56": 0.4, "57": 0.37333333333333335, "58": 0.28657894736842104, "59": 0.2628125, "60": 0.5778125, "61": 0.2916, "62": 0.35041666666666665, "63": 0.23148148148148148, "64": 0.16, "65": 0.2057142857142857, "66": 0.17285714285714285, "67": 0.2925714285714286, "68": 0.2177777777777778, "69": 0.3557894736842105, "70": 0.21551724137931033, "71": 0.48028571428571426, "72": 0.22090909090909094, "73": 0.3011764705882353, "74": 0.24300000000000002, "75": 0.20833333333333334, "76": 0.16447368421052633, "77": 0.1640909090909091, "78": 0.44263157894736843, "79": 0.2604166666666667, "80": 0.34615384615384615, "81": 0.4753125, "82": 0.3471428571428572, "83": 0.29391304347826086, "84": 0.34225, "85": 0.18181818181818182, "86": 0.2519047619047619, "87": 0.3003125, "88": 0.605, "89": 0.3003571428571429, "90": 0.3413333333333333, "91": 0.34225, "92": 0.25037037037037035, "93": 0.2504347826086956, "94": 0.242, "95": 0.3402777777777778, "96": 0.16333333333333333, "97": 0.3313793103448276, "98": 0.3712121212121212, "99": 0.2057142857142857}, "2": {"0": 0.1988235294117647, "1": 0.27675675675675676, "2": 0.13827272727272727, "3": 0.2380508474576271, "4": 0.10011904761904762, "5": 0.16457142857142856, "6": 0.31243243243243246, "7": 0.1640677966101695, "8": 0.44642857142857145, "9": 0.23269230769230773, "10": 0.2548484848484849, "11": 0.14563829787234042, "12": 0.10890000000000001, "13": 0.16992307692307693, "14": 0.11343750000000001, "15": 0.37006944444444445, "16": 0.12467213114754098, "17": 0.14285714285714285, "18": 0.1936290322580645, "19": 0.18408333333333332, "20": 0.40676056338028166, "21": 0.07024390243902438, "22": 0.1593965517241379, "23": 0.4006081081081081, "24": 0.1653125, "25": 0.06426229508196722, "26": 0.3600675675675676, "27": 0.0786046511627907, "28": 0.1415686274509804, "29": 0.12009803921568628, "30": 0.16598360655737704, "31": 0.26133333333333336, "32": 0.3203333333333333, "33": 0.22163934426229506, "34": 0.33640000000000003, "35": 0.17857142857142858, "36": 0.1937719298245614, "37": 0.16695652173913042, "38": 0.21240384615384617, "39": 0.20698275862068963, "40": 0.2272972972972973, "41": 0.18127450980392154, "42": 0.20161290322580644, "43": 0.2816666666666667, "44": 0.3151041666666667, "45": 0.2776865671641791, "46": 0.2336111111111111, "47": 0.2953289473684211, "48": 0.2777777777777778, "49": 0.21441176470588239, "50": 0.3453076923076923, "51": 0.26204225352112676, "52": 0.2703448275862069, "53": 0.1362264150943396, "54": 0.21189189189189192, "55": 0.22588235294117645, "56": 0.35558441558441556, "57": 0.17052631578947366, "58": 0.20102564102564105, "59": 0.1952542372881356, "60": 0.5160714285714286, "61": 0.15408333333333332, "62": 0.2618181818181818, "63": 0.1568627450980392, "64": 0.13342105263157897, "65": 0.14625000000000002, "66": 0.15041666666666667, "67": 0.19680327868852457, "68": 0.18726666666666666, "69": 0.21591836734693878, "70": 0.1953125, "71": 0.43950704225352116, "72": 0.17633333333333334, "73": 0.19314285714285714, "74": 0.18409090909090908, "75": 0.1090566037735849, "76": 0.17815068493150685, "77": 0.14939024390243902, "78": 0.2554255319148936, "79": 0.1378723404255319, "80": 0.28008620689655167, "81": 0.4076086956521739, "82": 0.2401086956521739, "83": 0.12705882352941175, "84": 0.29835616438356166, "85": 0.14260416666666667, "86": 0.17, "87": 0.21806451612903224, "88": 0.48328767123287675, "89": 0.2057142857142857, "90": 0.23148148148148148, "91": 0.23728395061728394, "92": 0.19962264150943396, "93": 0.1396938775510204, "94": 0.14260416666666667, "95": 0.1953125, "96": 0.08898148148148148, "97": 0.1986206896551724, "98": 0.1690845070422535, "99": 0.1904310344827586}, "3": {"0": 0.16193877551020408, "1": 0.25471698113207547, "2": 0.1442248062015504, "3": 0.22285714285714286, "4": 0.07854545454545456, "5": 0.16444444444444445, "6": 0.24427728613569324, "7": 0.1319503546099291, "8": 0.44982993197278914, "9": 0.22870748299319724, "10": 0.21993127147766323, "11": 0.11769607843137256, "12": 0.08168776371308016, "13": 0.16973063973063973, "14": 0.08804761904761906, "15": 0.2946944444444444, "16": 0.07250980392156864, "17": 0.11710843373493975, "18": 0.13630036630036632, "19": 0.15003663003663004, "20": 0.36692528735632185, "21": 0.04189655172413793, "22": 0.1288888888888889, "23": 0.3252212389380531, "24": 0.14097087378640777, "25": 0.057301587301587305, "26": 0.3025, "27": 0.06316939890710382, "28": 0.12905349794238682, "29": 0.11716216216216216, "30": 0.12656462585034015, "31": 0.22080128205128208, "32": 0.26368627450980386, "33": 0.15693486590038316, "34": 0.22485232067510552, "35": 0.1733625730994152, "36": 0.147, "37": 0.15612903225806452, "38": 0.15939759036144577, "39": 0.17375886524822695, "40": 0.19013888888888889, "41": 0.13953488372093023, "42": 0.21262345679012348, "43": 0.2315705128205128, "44": 0.23970037453183518, "45": 0.2143768115942029, "46": 0.20102564102564105, "47": 0.2793399339933993, "48": 0.19787439613526572, "49": 0.2412461059190031, "50": 0.2936524822695036, "51": 0.24495145631067958, "52": 0.18940928270042193, "53": 0.13650980392156864, "54": 0.21067278287461774, "55": 0.19504761904761905, "56": 0.29761904761904756, "57": 0.13546875, "58": 0.14521008403361346, "59": 0.15918439716312055, "60": 0.45610591900311526, "61": 0.13650980392156864, "62": 0.142018779342723, "63": 0.13048192771084338, "64": 0.11329588014981272, "65": 0.10321428571428572, "66": 0.13575757575757574, "67": 0.20484848484848486, "68": 0.15853211009174312, "69": 0.19031531531531531, "70": 0.1393632958801498, "71": 0.4214583333333333,